{
  "MedInc": {
    "mean": 3.88075425750969,
    "std": 1.9042362577470788
  },
  "HouseAge": {
    "mean": 28.60828488372093,
    "std": 12.602117730095301
  },
  "AveRooms": {
    "mean": 5.4352350204875295,
    "std": 2.387302579723395
  },
  "AveBedrms": {
    "mean": 1.0966847487895381,
    "std": 0.43320142626448643
  },
  "Population": {
    "mean": 1426.453003875969,
    "std": 1137.0219480466567
  },
  "AveOccup": {
    "mean": 3.0969611946687525,
    "std": 11.578393509846865
  },
  "Latitude": {
    "mean": 35.643149224806194,
    "std": 2.136600595041562
  },
  "Longitude": {
    "mean": -119.58229045542636,
    "std": 2.0055928065666584
  },
  "RoomsPerHousehold": {
    "mean": 1.980582413958775,
    "std": 1.1257834115410779
  },
  "BedroomsPerHouse": {
    "mean": 0.21285797439441098,
    "std": 0.05799363522200644
  },
  "PopulationPerHousehold": {
    "mean": 499.9869186046512,
    "std": 380.9564276029187
  }
}