{
  "MedInc": {
    "mean": 3.8706710029069766,
    "std": 1.8997756945748738
  },
  "HouseAge": {
    "mean": 28.639486434108527,
    "std": 12.585252725724606
  },
  "AveRooms": {
    "mean": 5.428999742190376,
    "std": 2.474113202333516
  },
  "AveBedrms": {
    "mean": 1.096675149606208,
    "std": 0.47389937625774475
  },
  "Population": {
    "mean": 1425.4767441860465,
    "std": 1132.434687757615
  },
  "AveOccup": {
    "mean": 3.0706551594363742,
    "std": 10.385797959128219
  },
  "Latitude": {
    "mean": 35.63186143410853,
    "std": 2.135900653797483
  },
  "Longitude": {
    "mean": -119.56970445736432,
    "std": 2.003483187746976
  },
  "RoomsPerHousehold": {
    "mean": 1.976969594180775,
    "std": 1.1459919408220094
  },
  "BedroomsPerHouse": {
    "mean": 0.21307451683920373,
    "std": 0.0580220844682343
  },
  "PopulationPerHousehold": {
    "mean": 499.5396802325581,
    "std": 382.3204908552571
  }
}